DEPCOM,UN APPARTEMENT,UNE MAISON
2798.0,3979.7894035007794,626.4328592392953
75101.0,4506.4962979312595,1003.6192993255762
75102.0,4585.285415151387,981.0125510121677
75103.0,4494.743915240043,1022.3179609020572
75104.0,4427.498776474954,1046.841269721025
75105.0,4632.875141338024,1078.2109166753094
75106.0,4497.998213380602,1181.5854731294683
75107.0,4620.170727848371,970.1071594893184
75108.0,4565.269029690022,1084.6430922011075
75109.0,4562.651859150669,1001.206008611785
75110.0,4539.866815143008,1058.9195830375452
75111.0,4635.704967555733,1091.6556577583747
75112.0,4621.314110335012,1103.5753276843607
75113.0,4493.2689861673125,1012.20941528906
75114.0,4450.988364379307,1032.0877218372677
75115.0,4740.411248105506,1209.62451934297
75116.0,4545.192183497214,1085.4919097505606
75117.0,4555.630721765816,1068.2494806777108
75118.0,4519.155186414035,1019.6873297125524
75119.0,4472.958928383289,1052.7100222475356
75120.0,4624.908981317552,1040.2063478799976
77001.0,4232.081952297786,1363.4298077676558
77002.0,4233.051412011227,1119.5896409560833
77003.0,4555.907162271094,1920.7695802558353
77004.0,4043.2271415057426,1237.622364577416
77005.0,4297.716510300081,1274.3725814123804
77006.0,4239.395737297672,1109.80554679158
77007.0,3965.761777357171,886.4066803896371
77008.0,4082.3393168368207,973.0406946473564
77009.0,3334.502308386041,621.8261778101552
77010.0,4017.2162314041852,964.7926181235154
77011.0,4531.293025543587,1500.461381976986
77012.0,4029.216276408265,1155.309341559651
77013.0,4596.513199362851,1256.624016123425
77014.0,4259.972811380593,1234.0665617019913
77015.0,4248.3971344878655,
77016.0,4264.2746807732565,1178.2817012823764
77018.0,4225.577958973784,1136.5046984500507
77019.0,4228.981096063997,1279.0679026227901
77020.0,3994.895808832993,1272.1127253230607
77021.0,4115.952712251553,1377.8814513600598
77022.0,4248.161792805142,1284.2499269475238
77023.0,3458.3345712330597,725.417712596617
77024.0,4287.938377703363,1979.7900998440268
77025.0,4308.731292706087,1135.0743727787667
77026.0,4573.069146140408,1473.561086948106
77028.0,4477.687061077947,1130.5684111681342
77029.0,3035.7526407912064,1105.6669888155168
77030.0,3720.896353557751,965.4077374436843
77031.0,4315.511003465666,1484.1039016680356
77032.0,4491.657527264542,1627.1432407454588
77033.0,3752.028970906695,917.0642119111999
77034.0,4177.123781451305,1122.7334716609805
77035.0,4603.815289014569,1796.2871708867547
77036.0,5042.319964187494,1064.3499422770888
77037.0,4322.703168834399,1247.2772698359367
77038.0,5016.81163921779,1397.3353689176304
77039.0,4198.445283107161,1299.8887691275927
77040.0,4063.1375400920024,1195.1854976621535
77041.0,4737.039967447825,1445.4673875050125
77042.0,4284.503314950322,1372.3184895510592
77043.0,4244.231212605772,1322.2867265025036
77044.0,4070.355247450215,1420.582047677913
77045.0,4257.981809562854,1286.794680107807
77046.0,4437.217491744998,1325.8181788486625
77047.0,4085.9030664455563,1142.1638138752103
77048.0,3952.224494552172,1239.7504888166802
77049.0,4423.476305031959,1273.7956704373146
77050.0,4427.572384733387,1573.8140943443202
77051.0,4251.814026722646,1269.3017531043793
77052.0,5047.742351599827,1965.733799867475
77053.0,4409.570869970668,1243.8379420025435
77054.0,3712.9745576192363,1048.2646277121642
77055.0,4199.701306493644,1150.9547373068385
77056.0,4525.135866770012,2091.564888642868
77057.0,4329.275486231009,1525.3022388605034
77058.0,4312.737093212283,1248.2411735571673
77059.0,4402.366965374364,1181.6134177475344
77060.0,4171.124898749271,1400.563609769631
77061.0,4088.267409776926,1251.1269338958928
77062.0,4326.510562798084,1000.3020045834337
77063.0,4248.088342969888,1202.4125005308802
77065.0,4423.401580952809,1531.6517211061168
77066.0,4835.402116975232,1457.2874601556016
77067.0,4078.631226545134,1195.2897796189445
77068.0,5393.924224628661,1090.1880675792356
77069.0,4260.148307595125,1288.8640223149607
77070.0,4313.4345044477,1310.6016665781544
77071.0,4874.908611001769,1337.219652917303
77072.0,4449.869433622845,1498.2185841973883
77073.0,4592.93162550141,1933.1471261550266
77075.0,4450.209849546047,1347.7005992861302
77076.0,4208.6115809137,993.6461885260119
77077.0,4349.721210648593,1083.336247155507
77078.0,4129.734530774595,1314.138720186844
77079.0,4363.142833226823,1164.367370138811
77080.0,3921.3844710293642,1237.410875234338
77081.0,4035.7463673493335,1515.7906574905878
77082.0,4683.380100313096,1399.8626492518927
77083.0,4441.616511409546,1197.0225039472682
77084.0,4551.500005674488,1183.217581826534
77085.0,4442.088166803171,1119.1050894035702
77086.0,4099.455950738424,1381.8648438794403
77087.0,3626.4314008431656,960.4280973024601
77088.0,4267.2414801288505,1320.8297712403569
77089.0,4492.718894772455,1433.3820155088229
77090.0,4618.619862510802,1345.1333478403785
77091.0,4685.9133854207275,930.9348621476921
77093.0,3739.48252128764,1090.3719968617766
77094.0,4677.8144672423405,1770.352251757526
77095.0,4563.644965445355,939.5109221258901
77096.0,4410.636161211257,1393.0000575253812
77097.0,4165.380764022337,1164.3618103205786
77098.0,5581.8227002912545,1511.7356585792752
77099.0,4245.726420439804,1275.5579202398728
77100.0,4207.891705634988,1383.834857046267
77101.0,4388.98193127383,1259.101473358503
77102.0,6265.35035027132,1476.1599625605668
77103.0,4459.639737704335,933.5051773472493
77104.0,4288.765761528073,1565.4760564782086
77106.0,4319.600592081721,1002.870407178539
77107.0,4343.924735307406,1163.465694419872
77108.0,4311.774022255282,1241.606162495655
77109.0,4009.0145434309457,1271.2368414379564
77110.0,4662.929760576472,2054.178703963929
77111.0,4228.873705953914,1273.8549063740602
77112.0,3728.869708961073,835.2684350332418
77113.0,4256.697068201048,1537.0935068799906
77114.0,4087.7298926909803,1374.5169868720627
77115.0,4607.528008429575,1093.7455447629347
77116.0,4422.689478182771,1269.948055712338
77117.0,4343.415282912067,1119.3434761930585
77118.0,4428.187411893322,1180.603886693949
77119.0,4923.850393554025,686.5846633991035
77120.0,4254.125299280525,1174.2462608842263
77121.0,4202.2885662222925,1311.4796627521278
77122.0,4273.075428767581,1175.1296349027239
77123.0,4081.452092156761,1198.8929044695603
77124.0,3970.87433831412,1456.5392804001806
77125.0,4274.042732309302,1305.864007354661
77126.0,4292.09118961446,1231.5340391595767
77127.0,4550.626194629296,1092.122015822281
77128.0,4138.601927144597,1326.0541933771888
77129.0,4173.980490954918,1704.0566757566774
77130.0,3641.1475140044504,831.2450284800792
77131.0,4162.465085437509,1218.3114839615598
77132.0,4377.326350238048,1221.947179236396
77133.0,3717.405319432868,1058.9483516323205
77134.0,4102.809527282993,1221.7446242336646
77135.0,4212.676001801267,1187.694930965734
77136.0,5910.792838769429,564.7058823529412
77137.0,4750.708992483752,799.7937455387864
77138.0,4479.030012441511,1408.8225828929885
77139.0,4176.83453857972,1228.0225999564548
77140.0,3596.7513863111135,1917.664092758378
77141.0,4576.68272269754,1219.104231357942
77142.0,4203.607628777144,1311.853225630207
77143.0,4361.370698591346,1130.928854970362
77144.0,3968.1665742446276,1285.4913611633915
77145.0,3876.274965638968,1406.7489562615212
77146.0,4627.262834588676,1179.1252436384166
77147.0,3914.1131983090268,1662.0628133397067
77148.0,4474.099932207764,1461.4686361868744
77149.0,4274.183947695849,1624.4971048922434
77150.0,5048.335896524653,1249.5445646433673
77151.0,4161.876236605833,1566.3889657096045
77152.0,4236.65852027493,1267.241435371823
77153.0,4359.514110724536,1306.1878713695112
77154.0,4480.276785242483,1346.1142959457852
77155.0,4127.127352509388,1175.905276840284
77156.0,3973.4278068984177,1033.7627109039315
77157.0,4197.508499150745,1254.1387506287122
77158.0,3625.0465117827134,953.473016618256
77159.0,5601.5374495690585,1269.8433313902813
77161.0,4377.106398039891,1240.5606894601804
77162.0,4297.668467610948,970.5195010114179
77163.0,4887.091280690214,757.9480792537297
77164.0,4658.471563948459,1297.1001359942852
77165.0,4596.686419991885,2052.4418035207023
77166.0,4424.03187483805,1240.751777009308
77167.0,4094.00800018228,1488.3471358401216
77168.0,4272.6641965926365,1246.5635561234187
77169.0,4219.884162225251,1119.0350136195148
77170.0,4208.708996938911,1119.3825358965385
77171.0,4227.201424371936,1134.6014379045191
77172.0,4499.15293104558,1146.1361159948037
77173.0,4373.693686955476,1265.8369329143604
77174.0,4736.190366887025,1333.9396640441246
77175.0,4447.67959256947,1344.1406135712575
77176.0,4129.848742722011,1312.4170860330817
77177.0,4437.110393446685,1220.8379869816938
77178.0,4323.4337557534955,1094.4847778167816
77179.0,4194.765748236852,1196.0787545826056
77180.0,4175.082036271293,1230.3679282273897
77181.0,4398.978254492362,1254.7586682810952
77182.0,4444.544095557365,1339.0475929252295
77183.0,4236.834137488364,1240.9856771823447
77184.0,4332.563576420014,1340.699383417634
77185.0,3991.629827598993,1182.4444956065627
77186.0,4287.5098124145925,1242.4080083399392
77187.0,4538.046352025289,1442.0484593006092
77188.0,4393.354189000619,1124.4843152135113
77190.0,5416.078688158309,887.6644293137517
77191.0,4160.206921310891,1198.9548725554662
77192.0,4084.469064222772,1225.592484657032
77193.0,5020.961222278425,1178.781800172508
77194.0,4352.590016492969,1131.9243620296634
77195.0,3780.6538040344676,1500.9343182459836
77196.0,4358.326784247412,1232.6122728335256
77197.0,4751.406900603535,2696.907888060635
77198.0,4037.4639004841,515.0641910032268
77199.0,4374.175390043206,1254.4197895104091
77200.0,6406.25,600.8583690987125
77201.0,4200.165575741647,1311.67720252905
77202.0,4462.074888294818,1302.3491167018733
77203.0,4172.837985325504,1255.5154505940127
77204.0,4087.0470625727935,1413.458169381597
77205.0,6055.077113587751,1558.0366547293029
77206.0,5418.517620135409,584.5018837797836
77207.0,3699.3226898887274,1114.1664888559292
77208.0,4189.718059910648,1327.2415376524198
77209.0,4250.4031387964005,1114.6490751858069
77210.0,4362.7584167414025,1305.2268045122505
77211.0,4510.970979538743,1163.9430804321232
77212.0,3801.4918315420264,845.2797852647991
77214.0,3583.549429991483,871.5746175395594
77215.0,4369.538006884717,1314.6188337560318
77216.0,4382.7071268684385,1078.001380644964
77217.0,4281.362291379141,1164.6130883293372
77218.0,4181.123741767098,1288.4773121170203
77219.0,4320.3119457801195,1239.6242483891883
77220.0,4298.676801801802,1949.0177361513527
77221.0,4409.302258326094,1128.6339270101105
77222.0,4406.219996848847,1199.9218225310453
77223.0,4941.754845982506,1485.405858570554
77224.0,3917.625957468138,1322.9845326630152
77225.0,4383.896521345507,910.8282250578343
77226.0,4291.358664390396,1197.649681344618
77227.0,4346.020307418706,1257.4009851890837
77228.0,3734.4728812179246,583.7149610237731
77229.0,4287.5952455738825,1013.759399289452
77230.0,2925.92782330734,425.3064509665982
77231.0,3950.857505414401,944.2759116839709
77232.0,4028.190095682517,1288.1931243994395
77233.0,4083.585171761279,961.0935562123968
77234.0,4074.2283673705565,1193.3319821213465
77235.0,4357.137507769268,1067.213955789949
77236.0,4401.872002444101,1567.985263907549
77237.0,4211.928010606745,6202.604589203893
77238.0,4236.629223920855,1226.6662867150635
77239.0,4348.960951975167,1443.5800901012185
77240.0,4132.844950653132,1124.8723096523295
77241.0,4522.043471097885,1458.4710081128069
77242.0,4374.589036726659,1139.6292704065552
77243.0,4235.109326812028,1133.460134680061
77244.0,4114.4285418667105,1241.645909743825
77245.0,4231.630857022364,1115.9022393344264
77246.0,3869.9029879303635,1168.6521448190113
77247.0,4620.363886132587,1200.943367037902
77248.0,4445.581370360792,1296.0085264804231
77249.0,4293.57180814388,1232.6303434264378
77250.0,3425.514120121733,581.4175115515725
77251.0,4339.970032167797,1301.96868877078
77252.0,3844.409069907811,1012.3001373249574
77253.0,5232.112445538747,1444.5375703557777
77254.0,4027.129407011969,1248.1213520836238
77255.0,4401.351824130342,1234.6869778669582
77256.0,4534.26983708136,1204.0191756148263
77257.0,4338.847966594217,1487.9901441071993
77258.0,4211.284190957356,1156.0300291644023
77259.0,4316.030330117416,1365.5738328005953
77260.0,4511.435389541775,1522.9166926918685
77261.0,4369.4686105948485,1211.0176965368544
77262.0,4546.063906698838,1556.985572473697
77263.0,4229.316737092711,1366.681243121473
77264.0,4423.009260094083,1258.1214804570814
77265.0,4553.7678181427955,1483.3080298615992
77266.0,4415.559879944499,1254.3232346273294
77267.0,4570.168419893973,991.6559593914956
77268.0,4014.8278840885628,1156.7582222394435
77269.0,4030.6799637844356,1220.0202036292894
77270.0,3883.65124044527,1330.291184758081
77271.0,4951.751108142446,1428.4458776734562
77272.0,4049.9497800886966,1528.4311761574731
77273.0,4353.761198999835,1024.7158907629725
77274.0,4837.350105745077,1250.7109395554176
77275.0,4404.32920342287,1063.2467301736817
77276.0,4228.85367283269,1288.707544149717
77277.0,4057.0915208761444,1154.8684444097262
77278.0,4273.434399021531,952.8420782129875
77279.0,4090.1793578452293,1067.0054929364223
77280.0,4329.189572090681,1331.6818886786202
77281.0,4403.955558105609,1389.9813789731038
77282.0,3253.72133635682,1055.3147583172083
77283.0,4056.506917971336,1133.5977787986837
77284.0,4342.188703105702,1222.4655648355113
77285.0,4257.4095284511595,1426.6861916818193
77286.0,3980.983883948625,1500.9810380915594
77287.0,4326.549226532955,1253.0635593532022
77288.0,4284.998261571853,1253.8458070095394
77289.0,4618.127502954957,1134.9325172500219
77290.0,4222.214178835867,1459.1321513504138
77291.0,4206.083114059706,874.8343471215761
77292.0,4305.158065641219,1591.0270593226503
77293.0,4487.172861378257,1199.9332513367058
77294.0,4317.325181430578,1257.7394694689888
77295.0,4445.519106257784,1321.2810996803435
77296.0,4302.117587539969,1282.3676862123975
77297.0,3897.3999366922244,1250.172914330103
77298.0,4205.709265330876,1014.3474470287694
77299.0,4308.851966567327,517.0882056585823
77300.0,5081.509180761926,1109.1947753988472
77301.0,4505.972788783325,733.8124723549636
77302.0,4312.189494654885,1044.27390218386
77303.0,4136.308535229262,1451.7168002777812
77304.0,3255.8438268924597,982.8034762979
77305.0,4166.039356349204,1235.2349016602561
77306.0,4363.233050273653,1509.8127202394444
77307.0,4384.610816002957,1325.288524023929
77308.0,4258.122945246649,1402.8450367240375
77309.0,4009.600862175889,1471.8774276672664
77310.0,4457.779431984262,549.2255655232982
77311.0,4183.646832517594,1342.1346393030237
77312.0,4291.029144231434,1236.2493555212875
77313.0,3867.0929631118,1250.2201908161044
77314.0,4332.435150271433,1696.8181082050532
77315.0,4450.197496716894,1225.2044784465982
77316.0,4292.230783685809,1368.4926287489752
77317.0,4280.749400172562,1260.9600540150166
77318.0,4676.523729967377,1304.7028045490724
77319.0,3675.8896305506473,2804.428044280443
77320.0,4261.9022843349685,1241.0655353059649
77321.0,4474.474416826186,1311.1820865432599
77322.0,4106.497002408596,1208.978983592557
77323.0,4318.513538295507,1280.0682541427657
77325.0,4367.485248838754,1196.115853791694
77326.0,4309.5085144164705,1341.1755478864475
77327.0,4377.595999677809,1386.4477532744402
77328.0,4198.857301707167,755.2409254934672
77329.0,4625.755420476377,1338.405262504662
77330.0,4282.963841933826,1409.0717478097806
77331.0,4274.457170417617,1169.9161532243113
77332.0,5089.708529366865,2049.0716035715272
77333.0,4317.107413207146,1203.9944230563872
77335.0,4526.39348259114,1413.772142527497
77336.0,4285.494815972779,1327.5650759006678
77337.0,4355.020198591805,1268.1379726525859
77338.0,4390.584374631721,1585.565171241106
77339.0,4554.409101406075,1159.2805368408017
77340.0,4269.168693960656,1084.916116911484
77341.0,4103.549618171069,1803.7157741352428
77343.0,4373.351529222577,1663.226675547415
77344.0,4211.197665865504,1198.397033064175
77345.0,4662.046232968459,1127.4423186142044
77347.0,4388.319954221254,1002.0427279512614
77348.0,4601.113540855964,890.4238900832269
77349.0,4221.442388447039,1270.1852936997552
77350.0,4248.7904319429945,1288.5124795790323
77352.0,4128.199906625413,1128.4647518716038
77353.0,4550.701514827626,1562.0868039734441
77354.0,3703.201661083727,1115.0947196402872
77355.0,4202.561906763403,1976.5383273556108
77356.0,4193.729763050785,1008.8769256212158
77357.0,4221.288106213134,981.6529656900992
77358.0,4193.108774062742,1134.8209755176542
77359.0,4244.176450184236,1092.5916286536021
77360.0,4203.171742822487,1180.1624679415913
77361.0,4122.925362393223,1399.1613255884101
77363.0,4184.919175523104,1288.1882257597797
77364.0,5012.7667893217895,1262.3201907808773
77365.0,4095.0904920040102,983.3515193147376
77366.0,3885.735691729796,919.0723790524219
77367.0,4671.865340426726,1199.1477219129254
77368.0,3874.3047961239695,1190.2839426524379
77369.0,3834.772111471814,1259.4358805941947
77370.0,4567.448748187792,1222.2988741484462
77371.0,4219.9723133457355,1217.20672456227
77372.0,4234.268889576145,1250.7873595244805
77373.0,4349.053219176223,1218.303805903141
77374.0,4379.749878311386,1328.5742052110907
77376.0,4193.49674003143,1060.5283051941872
77377.0,4422.435944711104,1300.4393615468066
77378.0,4190.309214752696,1164.6680551674783
77379.0,4388.357711145094,1345.6956407085063
77380.0,5209.849649862916,1075.21174557967
77381.0,4278.3165710678495,1311.4729119738163
77382.0,4417.905346676944,1247.393535609375
77383.0,4104.875666393962,1333.6575145685263
77384.0,4494.958783966715,1548.9135707900393
77385.0,4318.285925011508,1132.9142076972012
77386.0,3791.3765147469467,1099.1243524108804
77387.0,4304.139460053027,968.9822259870127
77388.0,3970.9008921574523,1124.843702027563
77389.0,4096.646687869698,1229.8358538553614
77390.0,4181.762834206595,1243.544424933754
77391.0,3658.6323009895405,1234.3594012870496
77392.0,4677.1205682119,1226.9579611919858
77393.0,4446.814012824164,1219.3535840959585
77394.0,4316.821063049992,1133.2874085433812
77395.0,4790.968103741592,686.0497867139028
77396.0,4325.10101010101,3639.115535248042
77397.0,4433.122585631253,1406.3356205749374
77398.0,4196.700107034726,1187.2596286569033
77399.0,4592.337818228599,914.0251860315659
77400.0,4219.597705744596,1217.6894992184925
77401.0,4467.2102075143985,1233.9134060467422
77402.0,3719.2458032538607,1098.3862613268716
77403.0,4046.591312062535,1650.0375584062774
77404.0,4182.920292669198,1204.0748627388973
77405.0,4186.1972234494,1151.0399215098014
77406.0,4150.420958167988,1367.0628463472485
77407.0,4458.660884095753,1297.0084543758544
77408.0,4234.701334298392,1318.2222045438532
77409.0,4157.255965831736,1409.4189258248646
77410.0,4755.915804273543,1357.716949036083
77411.0,4698.043215178974,1232.1520832999865
77412.0,4237.555565538888,1443.590563608872
77413.0,4412.258517757863,1338.8147104446884
77414.0,4539.293740312415,1238.6454592523073
77415.0,5792.784261617525,1410.198874915239
77416.0,4039.9871444500523,1305.7593091901554
77417.0,3405.2018496771993,1205.2393360930284
77418.0,4174.051559413932,1073.4334398942508
77419.0,4249.758123183112,1188.9996902370117
77420.0,4583.282418991597,1189.6256682016522
77421.0,3990.8651429774427,1001.2180254405012
77423.0,4161.857207608409,1121.468481006423
77424.0,4094.3222413745275,1476.9146147240149
77425.0,4001.250209997331,1285.8900688084964
77426.0,4126.023006809612,1075.2968268605018
77427.0,4082.473836445707,1375.7183521483691
77428.0,4556.558025718523,1125.3724479085147
77429.0,4620.51387466388,1179.2151363497214
77430.0,4212.061770235652,1135.6373585205515
77431.0,4218.761655118018,1161.5632353960477
77432.0,4263.488948596325,1139.6993928564946
77433.0,4043.379216310349,1037.4921452810136
77434.0,4507.246766544713,1647.5622428558618
77435.0,4052.1473120233827,1031.7317481935547
77436.0,4441.385475872101,1152.7141146286733
77437.0,4280.425014590713,1400.5691994147821
77438.0,4267.8302922487865,1216.6517680166842
77439.0,4275.374919376213,1446.5929498368039
77440.0,3960.8097653826458,913.6529577590483
77441.0,4348.217684914113,1226.2827534518879
77442.0,3925.8922838743383,1047.8505429882105
77443.0,5190.1929437470635,933.5715493196626
77444.0,5386.620934640741,992.2471191015305
77445.0,4296.500692855703,1284.428703894799
77446.0,4333.701302802394,1147.7024373950132
77447.0,4268.742631181231,986.344793099233
77448.0,4323.502616393208,1633.6792885396922
77449.0,4282.878011516478,1253.4576286724691
77450.0,4439.752809652101,1416.6015066920088
77451.0,4689.074788052252,1427.8998366884548
77453.0,4200.687066754839,1180.0632589743198
77454.0,3856.7670266090327,959.5763238246174
77455.0,4444.048477472499,1299.013083495962
77456.0,3635.875733229176,1161.861608777071
77457.0,4255.873163320062,1387.727731970958
77458.0,4255.5908222504895,1217.020904174274
77459.0,4503.163846505614,1375.5971050297617
77460.0,4766.78728663908,1871.8848894270834
77461.0,4879.947218569325,680.2329338898681
77462.0,4429.746859505834,1146.4484656458906
77463.0,4283.092815859507,1364.1639227464075
77464.0,4290.904000869866,1207.895983240219
77465.0,4419.86895938903,1340.694141602705
77466.0,4076.970626757372,922.4425360560479
77467.0,4471.131565699092,1082.912927018954
77468.0,4434.653821458738,1266.4250758295145
77469.0,4244.920933646767,1288.5234757144228
77470.0,4308.830631078242,1345.1119869291845
77471.0,4575.442844725685,1265.081358138018
77472.0,4387.693648601759,1380.6242835148773
77473.0,4495.54873311253,1408.852499099967
77474.0,4720.635926434212,1025.4783636151883
77475.0,4336.6774609101785,1229.472052001196
77476.0,4313.889715579857,1497.3069414843467
77477.0,4731.814993011898,1005.1016114725817
77478.0,4279.123960461342,1104.168764159385
77479.0,4320.904039444191,1089.2100545258234
77480.0,4399.219583737737,1049.5624418921614
77481.0,3736.6071428571427,827.5523276011811
77482.0,4298.335038416963,1298.2797437624438
77483.0,4135.330233856712,1270.225309206642
77484.0,4147.1758102623735,1575.869876744107
77485.0,4454.868452547119,1111.3533669286542
77486.0,4035.832376806045,1035.7561930397542
77487.0,4336.727963048934,1213.8518028136846
77489.0,3640.739342208052,608.4861468622818
77490.0,4165.115055494957,1129.5000443512513
77491.0,4450.652609952958,1396.7291797621044
77492.0,4776.816052281173,1581.7728190032415
77493.0,4391.323146268528,1257.6103038758704
77494.0,4122.680588216828,1177.6992793006834
77495.0,4355.401939065672,1281.2303580761115
77496.0,3459.3434484752183,1635.3847477731965
77498.0,4540.084377615407,1683.179806321494
77500.0,4534.090213207028,1333.040168182989
77501.0,4264.422255530004,1064.4109462854192
77504.0,4349.574537318349,1408.6350616155185
77505.0,4357.090633981045,939.8329368667921
77506.0,4384.071664130029,960.882061927833
77507.0,3768.708742462417,1052.9446776363309
77508.0,4226.609151400533,1326.4854342025562
77509.0,3911.696685289375,1309.2539664737108
77510.0,4849.172115740499,1065.6264393491408
77511.0,4568.302852802958,1781.6382965083112
77512.0,4325.564385116508,1030.185511371932
77513.0,4430.630919692606,1369.1054781147207
77514.0,4313.442261155011,1288.1049488103215
77515.0,3993.3272537765647,1595.9395931106899
77516.0,4610.903037831072,1648.8408548070877
77517.0,4247.316695762094,1193.9432055333402
77518.0,4347.618017566047,1293.3554755378852
77519.0,4237.41261223004,1000.2884557898393
77520.0,4157.079058483056,1003.1960263124411
77521.0,4742.141445578602,1169.202513154349
77522.0,3854.5215436480003,1004.9347544061446
77523.0,4049.777214311053,818.500333547549
77524.0,4567.771817314893,1174.4311048187774
77525.0,4175.946896304151,1619.4305703935854
77526.0,4712.489468733163,951.4086566742319
77527.0,4245.079235739557,1590.8745657413608
77528.0,4239.1722661177755,1153.0096547677745
77529.0,4370.978749106095,1453.5278383944149
77530.0,4931.705331060528,3010.8786880544008
77531.0,4276.0765298357455,1288.3857397405025
77532.0,5120.598721590909,
77533.0,4234.69521919915,1237.2019801831168
77534.0,4624.2889476237915,1405.4749777479747
78087.0,3033.600822955878,1167.854522246687
78143.0,7197.481897041861,365.0963735026642
78322.0,6687.870497036024,
91001.0,7409.994802038969,851.0298085045948
91016.0,7259.676690312616,722.8380487597763
91017.0,7301.1329136449785,808.2662160884994
91021.0,7002.542968773405,734.4762873033819
91022.0,7509.0970831445775,399.8634834421503
91027.0,7196.276390615071,728.5695442535216
91035.0,6393.523706593408,927.1285908309634
91037.0,7643.846782729898,651.4338167251867
91038.0,7820.450641364965,785.0559382488582
91041.0,6562.313845434589,679.6773998604689
91044.0,7415.016621252125,1310.1292948218081
91045.0,7159.969455694559,753.626678268429
91047.0,7129.9697230864895,804.5869656289688
91064.0,7307.451077815098,697.5094352087135
91067.0,6459.996548114195,705.4673721340388
91069.0,7203.349352212191,946.3668525977345
91075.0,7300.231074219808,312.23073910482395
91079.0,6104.097232450892,584.912425555513
91080.0,7184.690938357195,681.2412834519579
91081.0,7707.604233649064,866.7710508822771
91085.0,7005.112414603207,682.0393640385532
91086.0,7457.4114973933765,765.4941667622973
91093.0,6543.665746400483,602.2622607892927
91095.0,7298.269331634732,786.7083584078806
91097.0,7283.346905259992,841.3599575748532
91098.0,8028.276185998442,1219.6744400052228
91099.0,6944.068081801811,733.3455499438817
91100.0,6657.123591672256,1059.071961975263
91103.0,7127.440204517156,704.5358746732747
91105.0,7013.166686894974,781.0106317541658
91106.0,7157.377225758159,657.7724977341862
91109.0,7105.614576618119,841.8937890112043
91111.0,7830.115383871428,790.6212958196996
91112.0,6766.980900049772,286.95347517977444
91114.0,7203.10068706969,772.0776629909574
91115.0,6698.998177127455,739.6117039404412
91121.0,7297.939563196822,724.1628888187935
91122.0,7117.954138640965,723.2007668275897
91129.0,7267.7087039962325,745.9373460963747
91130.0,7314.621446303008,687.622856607962
91131.0,7263.310113814583,687.1816328725838
91132.0,7006.542972105878,833.6449642053653
91135.0,6978.657245142051,738.0533421783364
91136.0,7562.027551021765,825.0518742111815
91137.0,6651.665836234827,658.2779660585882
91145.0,9616.167166167166,
91148.0,6916.540858917991,660.0735183933496
91156.0,6874.141710573713,646.2339995758778
91159.0,7300.1164501907315,923.9131430753716
91161.0,7098.985971657689,666.1109170807309
91174.0,7172.013906150518,713.8346889384535
91175.0,7440.643340263251,782.568222591341
91179.0,7102.1653151328,727.6502263757241
91180.0,7999.778260686448,836.6429747329664
91182.0,7066.964069028515,750.1444791648676
91184.0,8398.169767670102,895.8920205811685
91186.0,7390.072277621447,941.4626846143726
91191.0,6991.266413724157,663.7994089220317
91195.0,7354.213399232777,489.3206996722451
91198.0,6078.434010119117,746.0825240892831
91200.0,6891.201853481883,717.7786341437097
91201.0,7138.541038131619,749.4655954925692
91204.0,7142.613230665897,1146.8432525096362
91207.0,6822.485483699,686.0936692938012
91215.0,7230.6430973701135,759.3713979248737
91216.0,7410.137367356625,753.5692346351861
91222.0,8526.219982261126,611.4853829821983
91223.0,7207.162101939048,719.4278193806947
91225.0,7087.000342456419,779.7728185139075
91226.0,6981.475160465808,764.308272462588
91228.0,7070.265983799849,718.6274694999615
91232.0,6940.888802923341,706.2559172972931
91235.0,6575.668491849225,754.744545825058
91240.0,6984.279839522429,558.0461064382606
91243.0,6915.540897667041,740.5892470754293
91244.0,7490.5731246192645,671.3907174532949
91247.0,7283.489119982228,781.300074366372
91248.0,6408.655859704378,807.4324969470994
91249.0,7176.994192038557,758.5410834965998
91272.0,6987.775948392515,729.8169014300674
91273.0,6911.127050961195,724.4922744783935
91274.0,7477.231626688687,696.3312164388068
91275.0,6838.091935307291,711.4013248844066
91284.0,6567.960163501003,674.9904694570454
91286.0,7148.285789519629,826.6184076522045
91292.0,8031.3245171146145,730.4143754774332
91293.0,6923.104830063643,780.9627506294064
91294.0,7206.429418528366,781.6294670031239
91312.0,6887.628766928081,713.8174708200734
91315.0,7222.884193846974,761.0132460734118
91318.0,6658.3676920688,686.2146838343582
91319.0,7691.099346868187,580.5591318214799
91326.0,7187.607575257169,728.5621546572504
91330.0,7153.260639787851,744.4862914603107
91332.0,6802.291075104553,785.6225173204479
91333.0,7428.3124137088935,722.8572064665505
91338.0,7328.925428148691,751.4043476684908
91339.0,6927.838053889748,743.4996757570497
91340.0,7239.634948422955,780.4371495139045
91345.0,7208.493352640972,755.7093683984536
91347.0,6951.707536614634,783.5724309229888
91359.0,6751.334477477917,683.4624088514336
91363.0,7135.706283152368,771.4557560417674
91374.0,6287.96013001034,418.24403028538154
91376.0,7084.014248362972,855.3731697879153
91377.0,7595.080581983465,795.764626877671
91378.0,7229.947809296633,620.748358212038
91386.0,7310.956758312705,699.0698274079191
91390.0,6659.490232702084,759.2758793817197
91393.0,7094.039933454428,602.653078323328
91399.0,7722.296355727919,473.9035250159735
91405.0,7056.1148149028395,724.3585305961763
91408.0,6996.657804261797,788.2903212365761
91411.0,6512.265317518578,899.6656132000579
91412.0,7691.513390268909,568.0284555103394
91414.0,7418.2508910972565,927.3207707902653
91421.0,7284.024941754701,768.6419127511997
91425.0,6897.415700660744,696.1564461395023
91432.0,7232.6609404508645,696.6642906538881
91433.0,6746.523813142571,684.2813362674985
91434.0,7306.639668226541,761.5080665057959
91435.0,7476.59131476521,756.8096200558754
91441.0,7141.118076933315,1033.9091622958663
91457.0,6923.8294143321,852.9213251320017
91458.0,7056.830646936503,677.0466615378571
91461.0,6996.03998378402,712.4300441070209
91463.0,7270.160965251513,797.7080736176595
91468.0,7014.677767012125,761.0889259946078
91469.0,7478.882434188377,822.8622619128103
91471.0,7307.409874182543,740.2000392178821
91473.0,7893.184555442659,646.2460250133935
91477.0,7066.659697295998,801.6178610006004
91479.0,7597.023016168795,617.2202432263551
91482.0,6375.032196647925,639.6022385364582
91494.0,7106.4853849193905,689.3781779215286
91495.0,6071.915774017011,894.5360020079736
91507.0,3968.325794960415,710.7385081860874
91508.0,6753.3323026939615,761.7298929017212
91511.0,6975.389241602348,626.3622028266035
91514.0,7252.671259503029,751.3089539267913
91519.0,7522.288591222976,538.9370820634426
91521.0,7035.334345899742,664.9184224432624
91525.0,7495.389658164574,725.8969848356614
91526.0,5834.722716187779,604.4520564735028
91533.0,6944.716000576845,842.0927648542183
91534.0,7337.789982632672,750.5770307369537
91538.0,6868.511259833539,741.8212452082796
91540.0,7090.047488390343,718.3588601878048
91544.0,6578.165504129505,540.2248706845602
91546.0,6704.480557779281,729.9347453912446
91547.0,7689.559025369702,1114.2620036850585
91549.0,7234.071188978626,714.6650920293301
91552.0,7151.055070151992,712.2755212788848
91553.0,7398.7402386670165,763.8186391512667
91556.0,6809.128523722507,693.5179958539284
91560.0,6267.464046797086,467.0671477015774
91568.0,7909.6734072443805,917.7255241409024
91570.0,6947.778032088413,683.4379437741463
91573.0,7265.74837509452,685.0593550091561
91577.0,7374.125920770849,824.0436541880327
91578.0,5198.482291715582,726.2476375765432
91579.0,7090.85372369077,708.867707133901
91581.0,7121.733218165356,886.66790947209
91587.0,7245.080143125242,753.472675067043
91589.0,7204.63988611517,741.9342055547135
91593.0,7002.8743001074545,669.6937722005412
91599.0,7085.098328370677,632.1160868892266
91600.0,7142.616094052819,742.8911122673518
91602.0,7449.774411477395,835.8032498926208
91613.0,6645.11229147351,489.3632671962054
91617.0,7248.195345751951,773.7001402583772
91619.0,7706.388624555822,396.9435498874406
91629.0,7012.830461216792,839.7943622990382
91630.0,6860.4515491874745,652.7208409714291
91631.0,7529.49846548838,773.8100003374801
91634.0,7241.208165964899,807.3405585801803
91635.0,7085.51989520811,666.878431244764
91639.0,7310.64639618627,814.9966891612355
91645.0,7203.566545599788,742.5071247593453
91648.0,7139.354197410554,769.4507717186033
91649.0,7095.360447285249,809.8336742193086
91654.0,6520.475902356407,789.2221804698216
91657.0,7277.894285204175,837.4667315534061
91659.0,7015.150060830882,751.2726282461953
91661.0,7087.500607708813,756.9696795334795
91662.0,7968.862206280067,854.7793128411734
91665.0,7225.8844779734945,704.9017811605413
91666.0,7649.185242663471,925.0850939019394
91667.0,7205.355977171486,772.369747560102
91671.0,7710.151217560324,653.2680431597255
91679.0,6744.805717659255,1280.2355459406012
91685.0,7295.411143893636,888.9551155846069
91687.0,7030.716174343081,780.7508746396257
91689.0,7160.528792441308,741.5659543046814
91691.0,7291.749003677739,765.7767005347802
91692.0,6995.198427283037,756.0459816415598
93032.0,4183.285849952516,
93033.0,,2586.926384228188
94001.0,2561.2403100775196,
94034.0,11595.744680851063,
94047.0,5521.270896830727,917.2690379473842
94060.0,5407.82855681197,586.8514130037044
